-- phpMyAdmin SQL Dump
-- version 4.7.0
-- https://www.phpmyadmin.net/
--
-- Host: 127.0.0.1
-- Generation Time: Jul 30, 2019 at 08:10 PM
-- Server version: 10.1.25-MariaDB
-- PHP Version: 5.6.31

SET SQL_MODE = "NO_AUTO_VALUE_ON_ZERO";
SET AUTOCOMMIT = 0;
START TRANSACTION;
SET time_zone = "+00:00";


/*!40101 SET @OLD_CHARACTER_SET_CLIENT=@@CHARACTER_SET_CLIENT */;
/*!40101 SET @OLD_CHARACTER_SET_RESULTS=@@CHARACTER_SET_RESULTS */;
/*!40101 SET @OLD_COLLATION_CONNECTION=@@COLLATION_CONNECTION */;
/*!40101 SET NAMES utf8mb4 */;

--
-- Database: `lingga`
--

-- --------------------------------------------------------

--
-- Table structure for table `admin`
--

CREATE TABLE `admin` (
  `id_admin` int(11) NOT NULL,
  `username` varchar(50) NOT NULL,
  `password` varchar(100) NOT NULL,
  `email` varchar(255) NOT NULL,
  `tanggaljam` datetime NOT NULL
) ENGINE=InnoDB DEFAULT CHARSET=latin1;

--
-- Dumping data for table `admin`
--

INSERT INTO `admin` (`id_admin`, `username`, `password`, `email`, `tanggaljam`) VALUES
(1, 'admin', '$2y$10$O64AF56MxBLaWsIZS2Lqp.2Hdfw0Rxua5EAt8RkLqn2n1O5h/jS0u', 'ahmadyahya@bookcircle.id', '2019-07-07 17:42:00');

-- --------------------------------------------------------

--
-- Table structure for table `angket`
--

CREATE TABLE `angket` (
  `id_angket` int(11) NOT NULL,
  `soal` text NOT NULL,
  `bidang` varchar(100) NOT NULL
) ENGINE=InnoDB DEFAULT CHARSET=latin1;

--
-- Dumping data for table `angket`
--

INSERT INTO `angket` (`id_angket`, `soal`, `bidang`) VALUES
(1, 'Saya merasa belum disiplin dalam beribadah pada Tuhan YME', 'pribadi'),
(2, 'Saya kadang-kadang berperilaku dan bertutur kata tidak jujur', 'pribadi'),
(3, 'Saya kadang-kadang masih suka menyontek pada waktu tes', 'pribadi'),
(4, 'Saya merasa belum bisa mengendalikan emosi dengan baik', 'pribadi'),
(5, 'Saya belum paham tentang sikap dan perilaku asertif', 'pribadi'),
(6, 'Saya belum tahu cara mengenal dan memahami diri sendiri', 'pribadi'),
(7, 'Saya belum memahami potensi diri', 'pribadi'),
(8, 'Saya belum tahu perubahan dan permasalahan yang terjadi pada masa remaja', 'pribadi'),
(9, 'Saya belum mengenal tentang macam-macam kepribadian ', 'pribadi'),
(10, 'Saya kurang memiliki rasa percaya diri', 'pribadi'),
(11, 'Saya kadang kurang menjaga kesehatan diri', 'pribadi'),
(12, 'Saya belum tahu ciri-ciri/sifat/prilaku pribadi yang berkarakter', 'pribadi'),
(13, 'Saya merasa kurang memilki tanggung jawab  pada diri sendiri', 'pribadi'),
(14, 'Saya kesulitan mengatur waktu belajar dan bermain  ', 'pribadi'),
(15, 'Kondisi orang tua saya sedang tidak harmonis', 'pribadi'),
(16, 'Saya merasa tidak betah tinggal di rumah sendiri', 'pribadi'),
(17, 'Saya mempunyai masalah dengan anggota keluarga di rumah', 'pribadi'),
(18, 'Saya  belum bisa menjadi pribadi yang mandiri', 'pribadi'),
(19, 'Saya sedang memiliki konflik pribadi', 'pribadi'),
(20, 'Saya belum memahami tentang norma/cara membangun  berkeluarga', 'pribadi'),
(21, 'Saya belum banyak mengenal lingkungan sekolah baru', 'sosial'),
(22, 'Saya belum memahami tentang kenakalan remaja', 'sosial'),
(23, 'Saya masih sedikit mengetahui tentang dampak atau bahaya rokok', 'sosial'),
(24, 'Saya belum banyak mengenal tentang perilaku sosial yang bertanggung jawab', 'sosial'),
(25, 'Saya belum tahu tentang bullying dan cara mensikapinya', 'sosial'),
(26, 'Saya sukar bergaul dengan teman-teman di sekolah', 'sosial'),
(27, 'Sering saya dianggap tidak sopan pada orang lain', 'sosial'),
(28, 'Saya kurang memahami dampak dari media sosial', 'sosial'),
(29, 'Saya jarang bermain/berteman di lingkungan tempat saya tinggal', 'sosial'),
(30, 'Saya belum banyak teman atau sahabat', 'sosial'),
(31, 'Saya kurang suka  berkomunikasi dengan teman lawan jenis', 'sosial'),
(32, 'Saya belum tahu cara belajar yang baik dan benar di SMK/MAK', 'belajar'),
(33, 'Saya belum tahu cara meraih prestasi di sekolah', 'belajar'),
(34, 'Saya belum paham tentang gaya belajar dan strategi yang sesuai dengannya', 'belajar'),
(35, 'Orang tua saya tidak peduli dengan kegiatan belajar saya', 'belajar'),
(36, 'Saya masih sering menunda-nunda tugas sekolah/pekerjaan rumah (PR)  ', 'belajar'),
(37, 'Saya merasa kesulitan dalam memahami pelajaran tertentu', 'belajar'),
(38, 'Saya belum tahu cara memanfaatkan sumber belajar', 'belajar'),
(39, 'Saya belajarnya jika akan ada tes  atau ujian saja', 'belajar'),
(40, 'Saya belum tahu tentang struktur kurikulum yang ada di sekolah', 'belajar'),
(41, 'Saya merasa malas belajar dan kalau belajar sering ngantuk', 'belajar'),
(42, 'Saya belum terbiasa belajar bersama atau belajar kelompok', 'belajar'),
(43, 'Saya belum paham cara memilih lembaga bimbingan belajar yang baik', 'belajar'),
(44, 'Saya belum dapat memanfaatkan teknologi informasi untuk belajar', 'belajar'),
(45, 'Saya belum tahu cara memperoleh bantuan pendidikan (beasiswa)', 'karir'),
(46, 'Saya terpaksa harus bekerja untuk mencukupi kebutuhan hidup', 'karir'),
(47, 'Saya merasa bingung memilih kegiatan esktrakurikuler di sekolah', 'karir'),
(48, 'Saya merasa belum mantap pada pilihan peminatan yang diambil', 'karir'),
(49, 'Saya merasa belum paham hubungan antara hobi, bakat, minat, kemampuan dan karir', 'karir'),
(50, 'Saya belum memiliki perencanaan karir masa depan', 'karir');

-- --------------------------------------------------------

--
-- Table structure for table `angket_pilihan`
--

CREATE TABLE `angket_pilihan` (
  `id_pilihan` int(11) NOT NULL,
  `id_siswa` int(11) NOT NULL,
  `id_angket` int(11) NOT NULL,
  `pilihan` int(1) NOT NULL,
  `bidang` varchar(100) NOT NULL,
  `tanggaljam` datetime NOT NULL
) ENGINE=InnoDB DEFAULT CHARSET=latin1;

--
-- Dumping data for table `angket_pilihan`
--

INSERT INTO `angket_pilihan` (`id_pilihan`, `id_siswa`, `id_angket`, `pilihan`, `bidang`, `tanggaljam`) VALUES
(1, 12, 1, 0, 'pribadi', '2019-07-29 22:11:29'),
(2, 12, 2, 0, 'pribadi', '2019-07-29 22:11:29'),
(3, 12, 3, 0, 'pribadi', '2019-07-29 22:11:29'),
(4, 12, 4, 1, 'pribadi', '2019-07-29 22:11:29'),
(5, 12, 5, 0, 'pribadi', '2019-07-29 22:11:29'),
(6, 12, 6, 0, 'pribadi', '2019-07-29 22:11:29'),
(7, 12, 7, 0, 'pribadi', '2019-07-29 22:11:29'),
(8, 12, 8, 1, 'pribadi', '2019-07-29 22:11:29'),
(9, 12, 9, 0, 'pribadi', '2019-07-29 22:11:29'),
(10, 12, 10, 0, 'pribadi', '2019-07-29 22:11:29'),
(11, 12, 11, 1, 'pribadi', '2019-07-29 22:11:29'),
(12, 12, 12, 0, 'pribadi', '2019-07-29 22:11:29'),
(13, 12, 13, 0, 'pribadi', '2019-07-29 22:11:29'),
(14, 12, 14, 1, 'pribadi', '2019-07-29 22:11:29'),
(15, 12, 15, 0, 'pribadi', '2019-07-29 22:11:29'),
(16, 12, 16, 0, 'pribadi', '2019-07-29 22:11:29'),
(17, 12, 17, 0, 'pribadi', '2019-07-29 22:11:29'),
(18, 12, 18, 0, 'pribadi', '2019-07-29 22:11:29'),
(19, 12, 19, 0, 'pribadi', '2019-07-29 22:11:29'),
(20, 12, 20, 0, 'pribadi', '2019-07-29 22:11:29'),
(21, 12, 21, 0, 'sosial', '2019-07-29 22:11:40'),
(22, 12, 22, 0, 'sosial', '2019-07-29 22:11:40'),
(23, 12, 23, 1, 'sosial', '2019-07-29 22:11:40'),
(24, 12, 24, 0, 'sosial', '2019-07-29 22:11:40'),
(25, 12, 25, 0, 'sosial', '2019-07-29 22:11:40'),
(26, 12, 26, 1, 'sosial', '2019-07-29 22:11:40'),
(27, 12, 27, 0, 'sosial', '2019-07-29 22:11:40'),
(28, 12, 28, 0, 'sosial', '2019-07-29 22:11:40'),
(29, 12, 29, 0, 'sosial', '2019-07-29 22:11:40'),
(30, 12, 30, 0, 'sosial', '2019-07-29 22:11:40'),
(31, 12, 31, 0, 'sosial', '2019-07-29 22:11:40'),
(32, 12, 32, 0, 'belajar', '2019-07-29 22:11:50'),
(33, 12, 33, 0, 'belajar', '2019-07-29 22:11:50'),
(34, 12, 34, 0, 'belajar', '2019-07-29 22:11:50'),
(35, 12, 35, 1, 'belajar', '2019-07-29 22:11:50'),
(36, 12, 36, 0, 'belajar', '2019-07-29 22:11:50'),
(37, 12, 37, 0, 'belajar', '2019-07-29 22:11:50'),
(38, 12, 38, 0, 'belajar', '2019-07-29 22:11:50'),
(39, 12, 39, 0, 'belajar', '2019-07-29 22:11:50'),
(40, 12, 40, 0, 'belajar', '2019-07-29 22:11:50'),
(41, 12, 41, 0, 'belajar', '2019-07-29 22:11:50'),
(42, 12, 42, 0, 'belajar', '2019-07-29 22:11:50'),
(43, 12, 43, 0, 'belajar', '2019-07-29 22:11:50'),
(44, 12, 44, 0, 'belajar', '2019-07-29 22:11:50'),
(45, 12, 45, 0, 'karir', '2019-07-29 22:11:59'),
(46, 12, 46, 0, 'karir', '2019-07-29 22:11:59'),
(47, 12, 47, 0, 'karir', '2019-07-29 22:11:59'),
(48, 12, 48, 0, 'karir', '2019-07-29 22:11:59'),
(49, 12, 49, 0, 'karir', '2019-07-29 22:11:59'),
(50, 12, 50, 0, 'karir', '2019-07-29 22:11:59'),
(51, 25, 1, 0, 'pribadi', '2019-07-30 15:02:37'),
(52, 25, 2, 0, 'pribadi', '2019-07-30 15:02:37'),
(53, 25, 3, 0, 'pribadi', '2019-07-30 15:02:37'),
(54, 25, 4, 1, 'pribadi', '2019-07-30 15:02:37'),
(55, 25, 5, 0, 'pribadi', '2019-07-30 15:02:37'),
(56, 25, 6, 1, 'pribadi', '2019-07-30 15:02:37'),
(57, 25, 7, 0, 'pribadi', '2019-07-30 15:02:37'),
(58, 25, 8, 1, 'pribadi', '2019-07-30 15:02:37'),
(59, 25, 9, 0, 'pribadi', '2019-07-30 15:02:37'),
(60, 25, 10, 0, 'pribadi', '2019-07-30 15:02:37'),
(61, 25, 11, 1, 'pribadi', '2019-07-30 15:02:37'),
(62, 25, 12, 0, 'pribadi', '2019-07-30 15:02:37'),
(63, 25, 13, 0, 'pribadi', '2019-07-30 15:02:37'),
(64, 25, 14, 0, 'pribadi', '2019-07-30 15:02:37'),
(65, 25, 15, 0, 'pribadi', '2019-07-30 15:02:37'),
(66, 25, 16, 1, 'pribadi', '2019-07-30 15:02:37'),
(67, 25, 17, 0, 'pribadi', '2019-07-30 15:02:37'),
(68, 25, 18, 0, 'pribadi', '2019-07-30 15:02:37'),
(69, 25, 19, 0, 'pribadi', '2019-07-30 15:02:37'),
(70, 25, 20, 0, 'pribadi', '2019-07-30 15:02:37'),
(71, 25, 21, 0, 'sosial', '2019-07-30 15:02:47'),
(72, 25, 22, 0, 'sosial', '2019-07-30 15:02:47'),
(73, 25, 23, 1, 'sosial', '2019-07-30 15:02:47'),
(74, 25, 24, 0, 'sosial', '2019-07-30 15:02:47'),
(75, 25, 25, 0, 'sosial', '2019-07-30 15:02:47'),
(76, 25, 26, 1, 'sosial', '2019-07-30 15:02:47'),
(77, 25, 27, 0, 'sosial', '2019-07-30 15:02:47'),
(78, 25, 28, 0, 'sosial', '2019-07-30 15:02:47'),
(79, 25, 29, 1, 'sosial', '2019-07-30 15:02:47'),
(80, 25, 30, 0, 'sosial', '2019-07-30 15:02:47'),
(81, 25, 31, 1, 'sosial', '2019-07-30 15:02:47'),
(82, 25, 32, 0, 'belajar', '2019-07-30 15:02:54'),
(83, 25, 33, 0, 'belajar', '2019-07-30 15:02:54'),
(84, 25, 34, 1, 'belajar', '2019-07-30 15:02:54'),
(85, 25, 35, 0, 'belajar', '2019-07-30 15:02:54'),
(86, 25, 36, 0, 'belajar', '2019-07-30 15:02:54'),
(87, 25, 37, 1, 'belajar', '2019-07-30 15:02:54'),
(88, 25, 38, 1, 'belajar', '2019-07-30 15:02:54'),
(89, 25, 39, 0, 'belajar', '2019-07-30 15:02:54'),
(90, 25, 40, 0, 'belajar', '2019-07-30 15:02:54'),
(91, 25, 41, 0, 'belajar', '2019-07-30 15:02:54'),
(92, 25, 42, 0, 'belajar', '2019-07-30 15:02:54'),
(93, 25, 43, 0, 'belajar', '2019-07-30 15:02:54'),
(94, 25, 44, 0, 'belajar', '2019-07-30 15:02:54'),
(95, 25, 45, 1, 'karir', '2019-07-30 15:03:00'),
(96, 25, 46, 0, 'karir', '2019-07-30 15:03:00'),
(97, 25, 47, 0, 'karir', '2019-07-30 15:03:00'),
(98, 25, 48, 1, 'karir', '2019-07-30 15:03:00'),
(99, 25, 49, 1, 'karir', '2019-07-30 15:03:00'),
(100, 25, 50, 0, 'karir', '2019-07-30 15:03:00'),
(101, 24, 1, 0, 'pribadi', '2019-07-30 15:03:34'),
(102, 24, 2, 1, 'pribadi', '2019-07-30 15:03:34'),
(103, 24, 3, 0, 'pribadi', '2019-07-30 15:03:34'),
(104, 24, 4, 1, 'pribadi', '2019-07-30 15:03:34'),
(105, 24, 5, 0, 'pribadi', '2019-07-30 15:03:34'),
(106, 24, 6, 0, 'pribadi', '2019-07-30 15:03:34'),
(107, 24, 7, 0, 'pribadi', '2019-07-30 15:03:34'),
(108, 24, 8, 0, 'pribadi', '2019-07-30 15:03:34'),
(109, 24, 9, 0, 'pribadi', '2019-07-30 15:03:34'),
(110, 24, 10, 0, 'pribadi', '2019-07-30 15:03:34'),
(111, 24, 11, 0, 'pribadi', '2019-07-30 15:03:34'),
(112, 24, 12, 0, 'pribadi', '2019-07-30 15:03:34'),
(113, 24, 13, 0, 'pribadi', '2019-07-30 15:03:34'),
(114, 24, 14, 1, 'pribadi', '2019-07-30 15:03:34'),
(115, 24, 15, 0, 'pribadi', '2019-07-30 15:03:34'),
(116, 24, 16, 0, 'pribadi', '2019-07-30 15:03:34'),
(117, 24, 17, 0, 'pribadi', '2019-07-30 15:03:34'),
(118, 24, 18, 0, 'pribadi', '2019-07-30 15:03:34'),
(119, 24, 19, 0, 'pribadi', '2019-07-30 15:03:34'),
(120, 24, 20, 0, 'pribadi', '2019-07-30 15:03:34'),
(121, 24, 21, 0, 'sosial', '2019-07-30 15:03:39'),
(122, 24, 22, 0, 'sosial', '2019-07-30 15:03:39'),
(123, 24, 23, 1, 'sosial', '2019-07-30 15:03:39'),
(124, 24, 24, 0, 'sosial', '2019-07-30 15:03:39'),
(125, 24, 25, 1, 'sosial', '2019-07-30 15:03:39'),
(126, 24, 26, 0, 'sosial', '2019-07-30 15:03:39'),
(127, 24, 27, 0, 'sosial', '2019-07-30 15:03:39'),
(128, 24, 28, 0, 'sosial', '2019-07-30 15:03:39'),
(129, 24, 29, 0, 'sosial', '2019-07-30 15:03:39'),
(130, 24, 30, 0, 'sosial', '2019-07-30 15:03:39'),
(131, 24, 31, 0, 'sosial', '2019-07-30 15:03:39'),
(132, 24, 32, 0, 'belajar', '2019-07-30 15:03:45'),
(133, 24, 33, 0, 'belajar', '2019-07-30 15:03:45'),
(134, 24, 34, 1, 'belajar', '2019-07-30 15:03:45'),
(135, 24, 35, 0, 'belajar', '2019-07-30 15:03:45'),
(136, 24, 36, 0, 'belajar', '2019-07-30 15:03:45'),
(137, 24, 37, 1, 'belajar', '2019-07-30 15:03:45'),
(138, 24, 38, 0, 'belajar', '2019-07-30 15:03:45'),
(139, 24, 39, 0, 'belajar', '2019-07-30 15:03:45'),
(140, 24, 40, 0, 'belajar', '2019-07-30 15:03:45'),
(141, 24, 41, 1, 'belajar', '2019-07-30 15:03:45'),
(142, 24, 42, 1, 'belajar', '2019-07-30 15:03:45'),
(143, 24, 43, 0, 'belajar', '2019-07-30 15:03:45'),
(144, 24, 44, 0, 'belajar', '2019-07-30 15:03:45'),
(145, 24, 45, 0, 'karir', '2019-07-30 15:03:50'),
(146, 24, 46, 1, 'karir', '2019-07-30 15:03:50'),
(147, 24, 47, 1, 'karir', '2019-07-30 15:03:50'),
(148, 24, 48, 1, 'karir', '2019-07-30 15:03:50'),
(149, 24, 49, 1, 'karir', '2019-07-30 15:03:50'),
(150, 24, 50, 0, 'karir', '2019-07-30 15:03:50'),
(151, 23, 1, 0, 'pribadi', '2019-07-30 15:04:29'),
(152, 23, 2, 0, 'pribadi', '2019-07-30 15:04:29'),
(153, 23, 3, 0, 'pribadi', '2019-07-30 15:04:29'),
(154, 23, 4, 1, 'pribadi', '2019-07-30 15:04:29'),
(155, 23, 5, 0, 'pribadi', '2019-07-30 15:04:29'),
(156, 23, 6, 1, 'pribadi', '2019-07-30 15:04:29'),
(157, 23, 7, 1, 'pribadi', '2019-07-30 15:04:29'),
(158, 23, 8, 1, 'pribadi', '2019-07-30 15:04:29'),
(159, 23, 9, 0, 'pribadi', '2019-07-30 15:04:29'),
(160, 23, 10, 0, 'pribadi', '2019-07-30 15:04:29'),
(161, 23, 11, 0, 'pribadi', '2019-07-30 15:04:29'),
(162, 23, 12, 0, 'pribadi', '2019-07-30 15:04:29'),
(163, 23, 13, 0, 'pribadi', '2019-07-30 15:04:29'),
(164, 23, 14, 0, 'pribadi', '2019-07-30 15:04:29'),
(165, 23, 15, 0, 'pribadi', '2019-07-30 15:04:29'),
(166, 23, 16, 0, 'pribadi', '2019-07-30 15:04:29'),
(167, 23, 17, 0, 'pribadi', '2019-07-30 15:04:29'),
(168, 23, 18, 0, 'pribadi', '2019-07-30 15:04:29'),
(169, 23, 19, 0, 'pribadi', '2019-07-30 15:04:29'),
(170, 23, 20, 0, 'pribadi', '2019-07-30 15:04:29'),
(171, 23, 21, 1, 'sosial', '2019-07-30 15:04:38'),
(172, 23, 22, 1, 'sosial', '2019-07-30 15:04:38'),
(173, 23, 23, 0, 'sosial', '2019-07-30 15:04:38'),
(174, 23, 24, 0, 'sosial', '2019-07-30 15:04:38'),
(175, 23, 25, 1, 'sosial', '2019-07-30 15:04:38'),
(176, 23, 26, 1, 'sosial', '2019-07-30 15:04:38'),
(177, 23, 27, 0, 'sosial', '2019-07-30 15:04:38'),
(178, 23, 28, 1, 'sosial', '2019-07-30 15:04:38'),
(179, 23, 29, 0, 'sosial', '2019-07-30 15:04:38'),
(180, 23, 30, 0, 'sosial', '2019-07-30 15:04:38'),
(181, 23, 31, 0, 'sosial', '2019-07-30 15:04:38'),
(182, 23, 32, 0, 'belajar', '2019-07-30 15:04:49'),
(183, 23, 33, 1, 'belajar', '2019-07-30 15:04:49'),
(184, 23, 34, 0, 'belajar', '2019-07-30 15:04:49'),
(185, 23, 35, 0, 'belajar', '2019-07-30 15:04:49'),
(186, 23, 36, 1, 'belajar', '2019-07-30 15:04:49'),
(187, 23, 37, 1, 'belajar', '2019-07-30 15:04:49'),
(188, 23, 38, 0, 'belajar', '2019-07-30 15:04:49'),
(189, 23, 39, 0, 'belajar', '2019-07-30 15:04:49'),
(190, 23, 40, 0, 'belajar', '2019-07-30 15:04:49'),
(191, 23, 41, 0, 'belajar', '2019-07-30 15:04:49'),
(192, 23, 42, 0, 'belajar', '2019-07-30 15:04:49'),
(193, 23, 43, 0, 'belajar', '2019-07-30 15:04:49'),
(194, 23, 44, 1, 'belajar', '2019-07-30 15:04:49'),
(195, 23, 45, 0, 'karir', '2019-07-30 15:04:53'),
(196, 23, 46, 1, 'karir', '2019-07-30 15:04:53'),
(197, 23, 47, 1, 'karir', '2019-07-30 15:04:53'),
(198, 23, 48, 0, 'karir', '2019-07-30 15:04:53'),
(199, 23, 49, 0, 'karir', '2019-07-30 15:04:53'),
(200, 23, 50, 0, 'karir', '2019-07-30 15:04:53'),
(201, 22, 1, 0, 'pribadi', '2019-07-30 15:05:54'),
(202, 22, 2, 1, 'pribadi', '2019-07-30 15:05:54'),
(203, 22, 3, 0, 'pribadi', '2019-07-30 15:05:54'),
(204, 22, 4, 1, 'pribadi', '2019-07-30 15:05:54'),
(205, 22, 5, 1, 'pribadi', '2019-07-30 15:05:54'),
(206, 22, 6, 0, 'pribadi', '2019-07-30 15:05:54'),
(207, 22, 7, 1, 'pribadi', '2019-07-30 15:05:54'),
(208, 22, 8, 0, 'pribadi', '2019-07-30 15:05:54'),
(209, 22, 9, 0, 'pribadi', '2019-07-30 15:05:54'),
(210, 22, 10, 0, 'pribadi', '2019-07-30 15:05:54'),
(211, 22, 11, 0, 'pribadi', '2019-07-30 15:05:54'),
(212, 22, 12, 0, 'pribadi', '2019-07-30 15:05:54'),
(213, 22, 13, 0, 'pribadi', '2019-07-30 15:05:54'),
(214, 22, 14, 0, 'pribadi', '2019-07-30 15:05:54'),
(215, 22, 15, 0, 'pribadi', '2019-07-30 15:05:54'),
(216, 22, 16, 0, 'pribadi', '2019-07-30 15:05:54'),
(217, 22, 17, 0, 'pribadi', '2019-07-30 15:05:54'),
(218, 22, 18, 0, 'pribadi', '2019-07-30 15:05:54'),
(219, 22, 19, 0, 'pribadi', '2019-07-30 15:05:54'),
(220, 22, 20, 0, 'pribadi', '2019-07-30 15:05:54'),
(221, 22, 21, 0, 'sosial', '2019-07-30 15:06:01'),
(222, 22, 22, 1, 'sosial', '2019-07-30 15:06:01'),
(223, 22, 23, 0, 'sosial', '2019-07-30 15:06:01'),
(224, 22, 24, 1, 'sosial', '2019-07-30 15:06:01'),
(225, 22, 25, 1, 'sosial', '2019-07-30 15:06:01'),
(226, 22, 26, 0, 'sosial', '2019-07-30 15:06:01'),
(227, 22, 27, 0, 'sosial', '2019-07-30 15:06:01'),
(228, 22, 28, 0, 'sosial', '2019-07-30 15:06:01'),
(229, 22, 29, 0, 'sosial', '2019-07-30 15:06:01'),
(230, 22, 30, 1, 'sosial', '2019-07-30 15:06:01'),
(231, 22, 31, 1, 'sosial', '2019-07-30 15:06:01'),
(232, 22, 21, 0, 'sosial', '2019-07-30 15:06:01'),
(233, 22, 23, 0, 'sosial', '2019-07-30 15:06:01'),
(234, 22, 26, 0, 'sosial', '2019-07-30 15:06:01'),
(235, 22, 27, 0, 'sosial', '2019-07-30 15:06:01'),
(236, 22, 28, 0, 'sosial', '2019-07-30 15:06:01'),
(237, 22, 29, 0, 'sosial', '2019-07-30 15:06:01'),
(238, 22, 32, 0, 'belajar', '2019-07-30 15:06:09'),
(239, 22, 33, 1, 'belajar', '2019-07-30 15:06:09'),
(240, 22, 34, 1, 'belajar', '2019-07-30 15:06:09'),
(241, 22, 35, 0, 'belajar', '2019-07-30 15:06:09'),
(242, 22, 36, 0, 'belajar', '2019-07-30 15:06:09'),
(243, 22, 37, 0, 'belajar', '2019-07-30 15:06:09'),
(244, 22, 38, 0, 'belajar', '2019-07-30 15:06:09'),
(245, 22, 39, 0, 'belajar', '2019-07-30 15:06:09'),
(246, 22, 40, 0, 'belajar', '2019-07-30 15:06:09'),
(247, 22, 41, 0, 'belajar', '2019-07-30 15:06:09'),
(248, 22, 42, 0, 'belajar', '2019-07-30 15:06:09'),
(249, 22, 43, 0, 'belajar', '2019-07-30 15:06:09'),
(250, 22, 44, 0, 'belajar', '2019-07-30 15:06:09'),
(251, 22, 45, 1, 'karir', '2019-07-30 15:06:14'),
(252, 22, 46, 1, 'karir', '2019-07-30 15:06:14'),
(253, 22, 47, 1, 'karir', '2019-07-30 15:06:14'),
(254, 22, 48, 0, 'karir', '2019-07-30 15:06:14'),
(255, 22, 49, 0, 'karir', '2019-07-30 15:06:14'),
(256, 22, 50, 0, 'karir', '2019-07-30 15:06:14'),
(257, 21, 1, 1, 'pribadi', '2019-07-30 15:06:41'),
(258, 21, 2, 0, 'pribadi', '2019-07-30 15:06:41'),
(259, 21, 3, 0, 'pribadi', '2019-07-30 15:06:41'),
(260, 21, 4, 0, 'pribadi', '2019-07-30 15:06:41'),
(261, 21, 5, 0, 'pribadi', '2019-07-30 15:06:41'),
(262, 21, 6, 0, 'pribadi', '2019-07-30 15:06:41'),
(263, 21, 7, 0, 'pribadi', '2019-07-30 15:06:41'),
(264, 21, 8, 0, 'pribadi', '2019-07-30 15:06:41'),
(265, 21, 9, 0, 'pribadi', '2019-07-30 15:06:41'),
(266, 21, 10, 0, 'pribadi', '2019-07-30 15:06:41'),
(267, 21, 11, 0, 'pribadi', '2019-07-30 15:06:41'),
(268, 21, 12, 1, 'pribadi', '2019-07-30 15:06:41'),
(269, 21, 13, 0, 'pribadi', '2019-07-30 15:06:41'),
(270, 21, 14, 0, 'pribadi', '2019-07-30 15:06:41'),
(271, 21, 15, 0, 'pribadi', '2019-07-30 15:06:41'),
(272, 21, 16, 1, 'pribadi', '2019-07-30 15:06:41'),
(273, 21, 17, 1, 'pribadi', '2019-07-30 15:06:41'),
(274, 21, 18, 1, 'pribadi', '2019-07-30 15:06:41'),
(275, 21, 19, 1, 'pribadi', '2019-07-30 15:06:41'),
(276, 21, 20, 1, 'pribadi', '2019-07-30 15:06:41'),
(277, 21, 21, 0, 'sosial', '2019-07-30 15:06:49'),
(278, 21, 22, 1, 'sosial', '2019-07-30 15:06:49'),
(279, 21, 23, 0, 'sosial', '2019-07-30 15:06:49'),
(280, 21, 24, 1, 'sosial', '2019-07-30 15:06:49'),
(281, 21, 25, 0, 'sosial', '2019-07-30 15:06:49'),
(282, 21, 26, 0, 'sosial', '2019-07-30 15:06:49'),
(283, 21, 27, 1, 'sosial', '2019-07-30 15:06:49'),
(284, 21, 28, 1, 'sosial', '2019-07-30 15:06:49'),
(285, 21, 29, 0, 'sosial', '2019-07-30 15:06:49'),
(286, 21, 30, 0, 'sosial', '2019-07-30 15:06:49'),
(287, 21, 31, 0, 'sosial', '2019-07-30 15:06:49'),
(288, 21, 32, 0, 'belajar', '2019-07-30 15:06:56'),
(289, 21, 33, 1, 'belajar', '2019-07-30 15:06:56'),
(290, 21, 34, 0, 'belajar', '2019-07-30 15:06:56'),
(291, 21, 35, 0, 'belajar', '2019-07-30 15:06:56'),
(292, 21, 36, 1, 'belajar', '2019-07-30 15:06:56'),
(293, 21, 37, 0, 'belajar', '2019-07-30 15:06:56'),
(294, 21, 38, 0, 'belajar', '2019-07-30 15:06:56'),
(295, 21, 39, 1, 'belajar', '2019-07-30 15:06:56'),
(296, 21, 40, 0, 'belajar', '2019-07-30 15:06:56'),
(297, 21, 41, 1, 'belajar', '2019-07-30 15:06:56'),
(298, 21, 42, 0, 'belajar', '2019-07-30 15:06:56'),
(299, 21, 43, 0, 'belajar', '2019-07-30 15:06:56'),
(300, 21, 44, 0, 'belajar', '2019-07-30 15:06:56'),
(301, 21, 45, 0, 'karir', '2019-07-30 15:07:00'),
(302, 21, 46, 0, 'karir', '2019-07-30 15:07:00'),
(303, 21, 47, 1, 'karir', '2019-07-30 15:07:00'),
(304, 21, 48, 1, 'karir', '2019-07-30 15:07:00'),
(305, 21, 49, 0, 'karir', '2019-07-30 15:07:00'),
(306, 21, 50, 0, 'karir', '2019-07-30 15:07:00'),
(307, 20, 1, 0, 'pribadi', '2019-07-30 15:07:57'),
(308, 20, 2, 0, 'pribadi', '2019-07-30 15:07:57'),
(309, 20, 3, 1, 'pribadi', '2019-07-30 15:07:57'),
(310, 20, 4, 0, 'pribadi', '2019-07-30 15:07:57'),
(311, 20, 5, 0, 'pribadi', '2019-07-30 15:07:57'),
(312, 20, 6, 0, 'pribadi', '2019-07-30 15:07:57'),
(313, 20, 7, 0, 'pribadi', '2019-07-30 15:07:57'),
(314, 20, 8, 0, 'pribadi', '2019-07-30 15:07:57'),
(315, 20, 9, 0, 'pribadi', '2019-07-30 15:07:57'),
(316, 20, 10, 0, 'pribadi', '2019-07-30 15:07:57'),
(317, 20, 11, 0, 'pribadi', '2019-07-30 15:07:57'),
(318, 20, 12, 0, 'pribadi', '2019-07-30 15:07:57'),
(319, 20, 13, 1, 'pribadi', '2019-07-30 15:07:57'),
(320, 20, 14, 0, 'pribadi', '2019-07-30 15:07:57'),
(321, 20, 15, 0, 'pribadi', '2019-07-30 15:07:57'),
(322, 20, 16, 1, 'pribadi', '2019-07-30 15:07:57'),
(323, 20, 17, 0, 'pribadi', '2019-07-30 15:07:57'),
(324, 20, 18, 1, 'pribadi', '2019-07-30 15:07:57'),
(325, 20, 19, 0, 'pribadi', '2019-07-30 15:07:57'),
(326, 20, 20, 0, 'pribadi', '2019-07-30 15:07:57'),
(327, 20, 21, 0, 'sosial', '2019-07-30 15:08:05'),
(328, 20, 22, 0, 'sosial', '2019-07-30 15:08:05'),
(329, 20, 23, 1, 'sosial', '2019-07-30 15:08:05'),
(330, 20, 24, 1, 'sosial', '2019-07-30 15:08:05'),
(331, 20, 25, 0, 'sosial', '2019-07-30 15:08:05'),
(332, 20, 26, 0, 'sosial', '2019-07-30 15:08:05'),
(333, 20, 27, 0, 'sosial', '2019-07-30 15:08:05'),
(334, 20, 28, 1, 'sosial', '2019-07-30 15:08:05'),
(335, 20, 29, 0, 'sosial', '2019-07-30 15:08:05'),
(336, 20, 30, 0, 'sosial', '2019-07-30 15:08:05'),
(337, 20, 31, 0, 'sosial', '2019-07-30 15:08:05'),
(338, 20, 32, 0, 'belajar', '2019-07-30 15:08:10'),
(339, 20, 33, 0, 'belajar', '2019-07-30 15:08:10'),
(340, 20, 34, 1, 'belajar', '2019-07-30 15:08:10'),
(341, 20, 35, 0, 'belajar', '2019-07-30 15:08:10'),
(342, 20, 36, 0, 'belajar', '2019-07-30 15:08:10'),
(343, 20, 37, 0, 'belajar', '2019-07-30 15:08:10'),
(344, 20, 38, 0, 'belajar', '2019-07-30 15:08:10'),
(345, 20, 39, 1, 'belajar', '2019-07-30 15:08:10'),
(346, 20, 40, 1, 'belajar', '2019-07-30 15:08:10'),
(347, 20, 41, 1, 'belajar', '2019-07-30 15:08:10'),
(348, 20, 42, 0, 'belajar', '2019-07-30 15:08:10'),
(349, 20, 43, 0, 'belajar', '2019-07-30 15:08:10'),
(350, 20, 44, 0, 'belajar', '2019-07-30 15:08:10'),
(351, 20, 45, 1, 'karir', '2019-07-30 15:08:15'),
(352, 20, 46, 1, 'karir', '2019-07-30 15:08:15'),
(353, 20, 47, 0, 'karir', '2019-07-30 15:08:15'),
(354, 20, 48, 0, 'karir', '2019-07-30 15:08:15'),
(355, 20, 49, 1, 'karir', '2019-07-30 15:08:15'),
(356, 20, 50, 0, 'karir', '2019-07-30 15:08:15'),
(357, 19, 1, 0, 'pribadi', '2019-07-30 15:08:48'),
(358, 19, 2, 1, 'pribadi', '2019-07-30 15:08:48'),
(359, 19, 3, 0, 'pribadi', '2019-07-30 15:08:48'),
(360, 19, 4, 0, 'pribadi', '2019-07-30 15:08:48'),
(361, 19, 5, 0, 'pribadi', '2019-07-30 15:08:48'),
(362, 19, 6, 0, 'pribadi', '2019-07-30 15:08:48'),
(363, 19, 7, 0, 'pribadi', '2019-07-30 15:08:48'),
(364, 19, 8, 0, 'pribadi', '2019-07-30 15:08:48'),
(365, 19, 9, 1, 'pribadi', '2019-07-30 15:08:48'),
(366, 19, 10, 1, 'pribadi', '2019-07-30 15:08:48'),
(367, 19, 11, 1, 'pribadi', '2019-07-30 15:08:48'),
(368, 19, 12, 1, 'pribadi', '2019-07-30 15:08:48'),
(369, 19, 13, 0, 'pribadi', '2019-07-30 15:08:48'),
(370, 19, 14, 0, 'pribadi', '2019-07-30 15:08:48'),
(371, 19, 15, 1, 'pribadi', '2019-07-30 15:08:48'),
(372, 19, 16, 0, 'pribadi', '2019-07-30 15:08:48'),
(373, 19, 17, 0, 'pribadi', '2019-07-30 15:08:48'),
(374, 19, 18, 1, 'pribadi', '2019-07-30 15:08:48'),
(375, 19, 19, 1, 'pribadi', '2019-07-30 15:08:48'),
(376, 19, 20, 0, 'pribadi', '2019-07-30 15:08:48'),
(377, 19, 21, 0, 'sosial', '2019-07-30 15:08:54'),
(378, 19, 22, 0, 'sosial', '2019-07-30 15:08:54'),
(379, 19, 23, 1, 'sosial', '2019-07-30 15:08:54'),
(380, 19, 24, 0, 'sosial', '2019-07-30 15:08:54'),
(381, 19, 25, 0, 'sosial', '2019-07-30 15:08:54'),
(382, 19, 26, 1, 'sosial', '2019-07-30 15:08:54'),
(383, 19, 27, 1, 'sosial', '2019-07-30 15:08:54'),
(384, 19, 28, 1, 'sosial', '2019-07-30 15:08:54'),
(385, 19, 29, 0, 'sosial', '2019-07-30 15:08:54'),
(386, 19, 30, 0, 'sosial', '2019-07-30 15:08:54'),
(387, 19, 31, 0, 'sosial', '2019-07-30 15:08:54'),
(388, 19, 32, 0, 'belajar', '2019-07-30 15:09:01'),
(389, 19, 33, 1, 'belajar', '2019-07-30 15:09:01'),
(390, 19, 34, 0, 'belajar', '2019-07-30 15:09:01'),
(391, 19, 35, 0, 'belajar', '2019-07-30 15:09:01'),
(392, 19, 36, 0, 'belajar', '2019-07-30 15:09:01'),
(393, 19, 37, 1, 'belajar', '2019-07-30 15:09:01'),
(394, 19, 38, 0, 'belajar', '2019-07-30 15:09:01'),
(395, 19, 39, 0, 'belajar', '2019-07-30 15:09:01'),
(396, 19, 40, 1, 'belajar', '2019-07-30 15:09:01'),
(397, 19, 41, 0, 'belajar', '2019-07-30 15:09:01'),
(398, 19, 42, 0, 'belajar', '2019-07-30 15:09:01'),
(399, 19, 43, 0, 'belajar', '2019-07-30 15:09:01'),
(400, 19, 44, 1, 'belajar', '2019-07-30 15:09:01'),
(401, 19, 45, 0, 'karir', '2019-07-30 15:09:08'),
(402, 19, 46, 1, 'karir', '2019-07-30 15:09:08'),
(403, 19, 47, 0, 'karir', '2019-07-30 15:09:08'),
(404, 19, 48, 1, 'karir', '2019-07-30 15:09:08'),
(405, 19, 49, 0, 'karir', '2019-07-30 15:09:08'),
(406, 19, 50, 1, 'karir', '2019-07-30 15:09:08'),
(407, 18, 1, 0, 'pribadi', '2019-07-30 15:09:38'),
(408, 18, 2, 0, 'pribadi', '2019-07-30 15:09:38'),
(409, 18, 3, 1, 'pribadi', '2019-07-30 15:09:38'),
(410, 18, 4, 0, 'pribadi', '2019-07-30 15:09:38'),
(411, 18, 5, 0, 'pribadi', '2019-07-30 15:09:38'),
(412, 18, 6, 0, 'pribadi', '2019-07-30 15:09:38'),
(413, 18, 7, 0, 'pribadi', '2019-07-30 15:09:38'),
(414, 18, 8, 0, 'pribadi', '2019-07-30 15:09:38'),
(415, 18, 9, 1, 'pribadi', '2019-07-30 15:09:38'),
(416, 18, 10, 0, 'pribadi', '2019-07-30 15:09:38'),
(417, 18, 11, 1, 'pribadi', '2019-07-30 15:09:38'),
(418, 18, 12, 0, 'pribadi', '2019-07-30 15:09:38'),
(419, 18, 13, 0, 'pribadi', '2019-07-30 15:09:38'),
(420, 18, 14, 1, 'pribadi', '2019-07-30 15:09:38'),
(421, 18, 15, 0, 'pribadi', '2019-07-30 15:09:38'),
(422, 18, 16, 1, 'pribadi', '2019-07-30 15:09:38'),
(423, 18, 17, 0, 'pribadi', '2019-07-30 15:09:38'),
(424, 18, 18, 0, 'pribadi', '2019-07-30 15:09:38'),
(425, 18, 19, 1, 'pribadi', '2019-07-30 15:09:38'),
(426, 18, 20, 0, 'pribadi', '2019-07-30 15:09:38'),
(427, 18, 21, 0, 'sosial', '2019-07-30 15:09:46'),
(428, 18, 22, 1, 'sosial', '2019-07-30 15:09:46'),
(429, 18, 23, 0, 'sosial', '2019-07-30 15:09:46'),
(430, 18, 24, 0, 'sosial', '2019-07-30 15:09:46'),
(431, 18, 25, 0, 'sosial', '2019-07-30 15:09:46'),
(432, 18, 26, 1, 'sosial', '2019-07-30 15:09:46'),
(433, 18, 27, 0, 'sosial', '2019-07-30 15:09:46'),
(434, 18, 28, 1, 'sosial', '2019-07-30 15:09:46'),
(435, 18, 29, 1, 'sosial', '2019-07-30 15:09:46'),
(436, 18, 30, 1, 'sosial', '2019-07-30 15:09:46'),
(437, 18, 31, 0, 'sosial', '2019-07-30 15:09:46'),
(438, 18, 32, 0, 'belajar', '2019-07-30 15:09:54'),
(439, 18, 33, 1, 'belajar', '2019-07-30 15:09:54'),
(440, 18, 34, 0, 'belajar', '2019-07-30 15:09:54'),
(441, 18, 35, 0, 'belajar', '2019-07-30 15:09:54'),
(442, 18, 36, 0, 'belajar', '2019-07-30 15:09:54'),
(443, 18, 37, 0, 'belajar', '2019-07-30 15:09:54'),
(444, 18, 38, 1, 'belajar', '2019-07-30 15:09:54'),
(445, 18, 39, 0, 'belajar', '2019-07-30 15:09:54'),
(446, 18, 40, 1, 'belajar', '2019-07-30 15:09:54'),
(447, 18, 41, 0, 'belajar', '2019-07-30 15:09:54'),
(448, 18, 42, 1, 'belajar', '2019-07-30 15:09:54'),
(449, 18, 43, 0, 'belajar', '2019-07-30 15:09:54'),
(450, 18, 44, 1, 'belajar', '2019-07-30 15:09:54'),
(451, 18, 45, 1, 'karir', '2019-07-30 15:09:59'),
(452, 18, 46, 0, 'karir', '2019-07-30 15:09:59'),
(453, 18, 47, 1, 'karir', '2019-07-30 15:09:59'),
(454, 18, 48, 1, 'karir', '2019-07-30 15:09:59'),
(455, 18, 49, 1, 'karir', '2019-07-30 15:09:59'),
(456, 18, 50, 0, 'karir', '2019-07-30 15:09:59'),
(457, 17, 1, 0, 'pribadi', '2019-07-30 15:10:27'),
(458, 17, 2, 1, 'pribadi', '2019-07-30 15:10:27'),
(459, 17, 3, 0, 'pribadi', '2019-07-30 15:10:27'),
(460, 17, 4, 0, 'pribadi', '2019-07-30 15:10:27'),
(461, 17, 5, 0, 'pribadi', '2019-07-30 15:10:27'),
(462, 17, 6, 1, 'pribadi', '2019-07-30 15:10:27'),
(463, 17, 7, 0, 'pribadi', '2019-07-30 15:10:27'),
(464, 17, 8, 1, 'pribadi', '2019-07-30 15:10:27'),
(465, 17, 9, 0, 'pribadi', '2019-07-30 15:10:27'),
(466, 17, 10, 1, 'pribadi', '2019-07-30 15:10:27'),
(467, 17, 11, 0, 'pribadi', '2019-07-30 15:10:27'),
(468, 17, 12, 0, 'pribadi', '2019-07-30 15:10:27'),
(469, 17, 13, 1, 'pribadi', '2019-07-30 15:10:27'),
(470, 17, 14, 0, 'pribadi', '2019-07-30 15:10:27'),
(471, 17, 15, 1, 'pribadi', '2019-07-30 15:10:27'),
(472, 17, 16, 1, 'pribadi', '2019-07-30 15:10:27'),
(473, 17, 17, 0, 'pribadi', '2019-07-30 15:10:27'),
(474, 17, 18, 1, 'pribadi', '2019-07-30 15:10:27'),
(475, 17, 19, 1, 'pribadi', '2019-07-30 15:10:27'),
(476, 17, 20, 0, 'pribadi', '2019-07-30 15:10:27'),
(477, 17, 21, 1, 'sosial', '2019-07-30 15:10:34'),
(478, 17, 22, 1, 'sosial', '2019-07-30 15:10:34'),
(479, 17, 23, 0, 'sosial', '2019-07-30 15:10:34'),
(480, 17, 24, 0, 'sosial', '2019-07-30 15:10:34'),
(481, 17, 25, 0, 'sosial', '2019-07-30 15:10:34'),
(482, 17, 26, 1, 'sosial', '2019-07-30 15:10:34'),
(483, 17, 27, 0, 'sosial', '2019-07-30 15:10:34'),
(484, 17, 28, 1, 'sosial', '2019-07-30 15:10:34'),
(485, 17, 29, 1, 'sosial', '2019-07-30 15:10:34'),
(486, 17, 30, 0, 'sosial', '2019-07-30 15:10:34'),
(487, 17, 31, 0, 'sosial', '2019-07-30 15:10:34'),
(488, 17, 32, 0, 'belajar', '2019-07-30 15:10:42'),
(489, 17, 33, 1, 'belajar', '2019-07-30 15:10:42'),
(490, 17, 34, 1, 'belajar', '2019-07-30 15:10:42'),
(491, 17, 35, 0, 'belajar', '2019-07-30 15:10:42'),
(492, 17, 36, 0, 'belajar', '2019-07-30 15:10:42'),
(493, 17, 37, 1, 'belajar', '2019-07-30 15:10:42'),
(494, 17, 38, 1, 'belajar', '2019-07-30 15:10:42'),
(495, 17, 39, 0, 'belajar', '2019-07-30 15:10:42'),
(496, 17, 40, 1, 'belajar', '2019-07-30 15:10:42'),
(497, 17, 41, 0, 'belajar', '2019-07-30 15:10:42'),
(498, 17, 42, 0, 'belajar', '2019-07-30 15:10:42'),
(499, 17, 43, 1, 'belajar', '2019-07-30 15:10:42'),
(500, 17, 44, 0, 'belajar', '2019-07-30 15:10:42'),
(501, 17, 45, 1, 'karir', '2019-07-30 15:10:45'),
(502, 17, 46, 1, 'karir', '2019-07-30 15:10:45'),
(503, 17, 47, 0, 'karir', '2019-07-30 15:10:45'),
(504, 17, 48, 0, 'karir', '2019-07-30 15:10:45'),
(505, 17, 49, 0, 'karir', '2019-07-30 15:10:45'),
(506, 17, 50, 0, 'karir', '2019-07-30 15:10:45'),
(507, 16, 1, 0, 'pribadi', '2019-07-30 15:11:13'),
(508, 16, 2, 0, 'pribadi', '2019-07-30 15:11:13'),
(509, 16, 3, 1, 'pribadi', '2019-07-30 15:11:13'),
(510, 16, 4, 0, 'pribadi', '2019-07-30 15:11:13'),
(511, 16, 5, 0, 'pribadi', '2019-07-30 15:11:13'),
(512, 16, 6, 0, 'pribadi', '2019-07-30 15:11:13'),
(513, 16, 7, 0, 'pribadi', '2019-07-30 15:11:13'),
(514, 16, 8, 0, 'pribadi', '2019-07-30 15:11:13'),
(515, 16, 9, 0, 'pribadi', '2019-07-30 15:11:13'),
(516, 16, 10, 0, 'pribadi', '2019-07-30 15:11:13'),
(517, 16, 11, 1, 'pribadi', '2019-07-30 15:11:13'),
(518, 16, 12, 0, 'pribadi', '2019-07-30 15:11:13'),
(519, 16, 13, 1, 'pribadi', '2019-07-30 15:11:13'),
(520, 16, 14, 0, 'pribadi', '2019-07-30 15:11:13'),
(521, 16, 15, 0, 'pribadi', '2019-07-30 15:11:13'),
(522, 16, 16, 0, 'pribadi', '2019-07-30 15:11:13'),
(523, 16, 17, 0, 'pribadi', '2019-07-30 15:11:13'),
(524, 16, 18, 0, 'pribadi', '2019-07-30 15:11:13'),
(525, 16, 19, 0, 'pribadi', '2019-07-30 15:11:13'),
(526, 16, 20, 0, 'pribadi', '2019-07-30 15:11:13'),
(527, 16, 21, 0, 'sosial', '2019-07-30 15:11:18'),
(528, 16, 22, 1, 'sosial', '2019-07-30 15:11:18'),
(529, 16, 23, 0, 'sosial', '2019-07-30 15:11:18'),
(530, 16, 24, 0, 'sosial', '2019-07-30 15:11:18'),
(531, 16, 25, 0, 'sosial', '2019-07-30 15:11:18'),
(532, 16, 26, 0, 'sosial', '2019-07-30 15:11:18'),
(533, 16, 27, 0, 'sosial', '2019-07-30 15:11:18'),
(534, 16, 28, 1, 'sosial', '2019-07-30 15:11:18'),
(535, 16, 29, 0, 'sosial', '2019-07-30 15:11:18'),
(536, 16, 30, 0, 'sosial', '2019-07-30 15:11:18'),
(537, 16, 31, 0, 'sosial', '2019-07-30 15:11:18'),
(538, 16, 32, 0, 'belajar', '2019-07-30 15:11:26'),
(539, 16, 33, 0, 'belajar', '2019-07-30 15:11:26'),
(540, 16, 34, 1, 'belajar', '2019-07-30 15:11:26'),
(541, 16, 35, 1, 'belajar', '2019-07-30 15:11:26'),
(542, 16, 36, 0, 'belajar', '2019-07-30 15:11:26'),
(543, 16, 37, 0, 'belajar', '2019-07-30 15:11:26'),
(544, 16, 38, 0, 'belajar', '2019-07-30 15:11:26'),
(545, 16, 39, 0, 'belajar', '2019-07-30 15:11:26'),
(546, 16, 40, 0, 'belajar', '2019-07-30 15:11:26'),
(547, 16, 41, 0, 'belajar', '2019-07-30 15:11:26'),
(548, 16, 42, 1, 'belajar', '2019-07-30 15:11:26'),
(549, 16, 43, 1, 'belajar', '2019-07-30 15:11:26'),
(550, 16, 44, 1, 'belajar', '2019-07-30 15:11:26'),
(551, 16, 45, 1, 'karir', '2019-07-30 15:11:32'),
(552, 16, 46, 1, 'karir', '2019-07-30 15:11:32'),
(553, 16, 47, 1, 'karir', '2019-07-30 15:11:32'),
(554, 16, 48, 0, 'karir', '2019-07-30 15:11:32'),
(555, 16, 49, 0, 'karir', '2019-07-30 15:11:32'),
(556, 16, 50, 0, 'karir', '2019-07-30 15:11:32'),
(557, 15, 1, 0, 'pribadi', '2019-07-30 15:12:09'),
(558, 15, 2, 1, 'pribadi', '2019-07-30 15:12:09'),
(559, 15, 3, 0, 'pribadi', '2019-07-30 15:12:09'),
(560, 15, 4, 0, 'pribadi', '2019-07-30 15:12:09'),
(561, 15, 5, 0, 'pribadi', '2019-07-30 15:12:09'),
(562, 15, 6, 0, 'pribadi', '2019-07-30 15:12:09'),
(563, 15, 7, 0, 'pribadi', '2019-07-30 15:12:09'),
(564, 15, 8, 0, 'pribadi', '2019-07-30 15:12:09'),
(565, 15, 9, 0, 'pribadi', '2019-07-30 15:12:09'),
(566, 15, 10, 1, 'pribadi', '2019-07-30 15:12:09'),
(567, 15, 11, 1, 'pribadi', '2019-07-30 15:12:09'),
(568, 15, 12, 0, 'pribadi', '2019-07-30 15:12:09'),
(569, 15, 13, 0, 'pribadi', '2019-07-30 15:12:09'),
(570, 15, 14, 0, 'pribadi', '2019-07-30 15:12:09'),
(571, 15, 15, 0, 'pribadi', '2019-07-30 15:12:09'),
(572, 15, 16, 1, 'pribadi', '2019-07-30 15:12:09'),
(573, 15, 17, 1, 'pribadi', '2019-07-30 15:12:09'),
(574, 15, 18, 0, 'pribadi', '2019-07-30 15:12:09'),
(575, 15, 19, 0, 'pribadi', '2019-07-30 15:12:09'),
(576, 15, 20, 0, 'pribadi', '2019-07-30 15:12:09'),
(577, 15, 21, 0, 'sosial', '2019-07-30 15:12:15'),
(578, 15, 22, 0, 'sosial', '2019-07-30 15:12:15'),
(579, 15, 23, 1, 'sosial', '2019-07-30 15:12:15'),
(580, 15, 24, 0, 'sosial', '2019-07-30 15:12:15'),
(581, 15, 25, 0, 'sosial', '2019-07-30 15:12:15'),
(582, 15, 26, 0, 'sosial', '2019-07-30 15:12:15'),
(583, 15, 27, 1, 'sosial', '2019-07-30 15:12:15'),
(584, 15, 28, 1, 'sosial', '2019-07-30 15:12:15'),
(585, 15, 29, 1, 'sosial', '2019-07-30 15:12:15'),
(586, 15, 30, 0, 'sosial', '2019-07-30 15:12:15'),
(587, 15, 31, 0, 'sosial', '2019-07-30 15:12:15'),
(588, 15, 32, 0, 'belajar', '2019-07-30 15:12:20'),
(589, 15, 33, 1, 'belajar', '2019-07-30 15:12:20'),
(590, 15, 34, 0, 'belajar', '2019-07-30 15:12:20'),
(591, 15, 35, 0, 'belajar', '2019-07-30 15:12:20'),
(592, 15, 36, 0, 'belajar', '2019-07-30 15:12:20'),
(593, 15, 37, 1, 'belajar', '2019-07-30 15:12:20'),
(594, 15, 38, 1, 'belajar', '2019-07-30 15:12:20'),
(595, 15, 39, 0, 'belajar', '2019-07-30 15:12:20'),
(596, 15, 40, 1, 'belajar', '2019-07-30 15:12:20'),
(597, 15, 41, 0, 'belajar', '2019-07-30 15:12:20'),
(598, 15, 42, 0, 'belajar', '2019-07-30 15:12:20'),
(599, 15, 43, 0, 'belajar', '2019-07-30 15:12:20'),
(600, 15, 44, 0, 'belajar', '2019-07-30 15:12:20'),
(601, 15, 45, 0, 'karir', '2019-07-30 15:12:28'),
(602, 15, 46, 1, 'karir', '2019-07-30 15:12:28'),
(603, 15, 47, 0, 'karir', '2019-07-30 15:12:28'),
(604, 15, 48, 1, 'karir', '2019-07-30 15:12:28'),
(605, 15, 49, 0, 'karir', '2019-07-30 15:12:28'),
(606, 15, 50, 1, 'karir', '2019-07-30 15:12:28'),
(607, 14, 1, 1, 'pribadi', '2019-07-30 15:12:56'),
(608, 14, 2, 0, 'pribadi', '2019-07-30 15:12:56'),
(609, 14, 3, 0, 'pribadi', '2019-07-30 15:12:56'),
(610, 14, 4, 0, 'pribadi', '2019-07-30 15:12:56'),
(611, 14, 5, 0, 'pribadi', '2019-07-30 15:12:56'),
(612, 14, 6, 0, 'pribadi', '2019-07-30 15:12:56'),
(613, 14, 7, 0, 'pribadi', '2019-07-30 15:12:56'),
(614, 14, 8, 0, 'pribadi', '2019-07-30 15:12:56'),
(615, 14, 9, 0, 'pribadi', '2019-07-30 15:12:56'),
(616, 14, 10, 0, 'pribadi', '2019-07-30 15:12:56'),
(617, 14, 11, 1, 'pribadi', '2019-07-30 15:12:56'),
(618, 14, 12, 0, 'pribadi', '2019-07-30 15:12:56'),
(619, 14, 13, 1, 'pribadi', '2019-07-30 15:12:56'),
(620, 14, 14, 0, 'pribadi', '2019-07-30 15:12:56'),
(621, 14, 15, 0, 'pribadi', '2019-07-30 15:12:56'),
(622, 14, 16, 0, 'pribadi', '2019-07-30 15:12:56'),
(623, 14, 17, 1, 'pribadi', '2019-07-30 15:12:56'),
(624, 14, 18, 1, 'pribadi', '2019-07-30 15:12:56'),
(625, 14, 19, 0, 'pribadi', '2019-07-30 15:12:56'),
(626, 14, 20, 0, 'pribadi', '2019-07-30 15:12:56'),
(627, 14, 21, 0, 'sosial', '2019-07-30 15:13:04'),
(628, 14, 22, 1, 'sosial', '2019-07-30 15:13:04'),
(629, 14, 23, 1, 'sosial', '2019-07-30 15:13:04'),
(630, 14, 24, 0, 'sosial', '2019-07-30 15:13:04'),
(631, 14, 25, 1, 'sosial', '2019-07-30 15:13:04'),
(632, 14, 26, 0, 'sosial', '2019-07-30 15:13:04'),
(633, 14, 27, 0, 'sosial', '2019-07-30 15:13:04'),
(634, 14, 28, 1, 'sosial', '2019-07-30 15:13:04'),
(635, 14, 29, 0, 'sosial', '2019-07-30 15:13:04'),
(636, 14, 30, 0, 'sosial', '2019-07-30 15:13:04'),
(637, 14, 31, 0, 'sosial', '2019-07-30 15:13:04'),
(638, 14, 32, 0, 'belajar', '2019-07-30 15:13:09'),
(639, 14, 33, 0, 'belajar', '2019-07-30 15:13:09'),
(640, 14, 34, 1, 'belajar', '2019-07-30 15:13:09'),
(641, 14, 35, 0, 'belajar', '2019-07-30 15:13:09'),
(642, 14, 36, 0, 'belajar', '2019-07-30 15:13:09'),
(643, 14, 37, 0, 'belajar', '2019-07-30 15:13:09'),
(644, 14, 38, 0, 'belajar', '2019-07-30 15:13:09'),
(645, 14, 39, 0, 'belajar', '2019-07-30 15:13:09'),
(646, 14, 40, 1, 'belajar', '2019-07-30 15:13:09'),
(647, 14, 41, 1, 'belajar', '2019-07-30 15:13:09'),
(648, 14, 42, 1, 'belajar', '2019-07-30 15:13:09'),
(649, 14, 43, 0, 'belajar', '2019-07-30 15:13:09'),
(650, 14, 44, 0, 'belajar', '2019-07-30 15:13:09'),
(651, 14, 45, 0, 'karir', '2019-07-30 15:13:12'),
(652, 14, 46, 1, 'karir', '2019-07-30 15:13:12'),
(653, 14, 47, 0, 'karir', '2019-07-30 15:13:12'),
(654, 14, 48, 1, 'karir', '2019-07-30 15:13:12'),
(655, 14, 49, 0, 'karir', '2019-07-30 15:13:12'),
(656, 14, 50, 0, 'karir', '2019-07-30 15:13:12'),
(657, 13, 1, 0, 'pribadi', '2019-07-30 15:13:41'),
(658, 13, 2, 1, 'pribadi', '2019-07-30 15:13:41'),
(659, 13, 3, 0, 'pribadi', '2019-07-30 15:13:41'),
(660, 13, 4, 0, 'pribadi', '2019-07-30 15:13:41'),
(661, 13, 5, 1, 'pribadi', '2019-07-30 15:13:41'),
(662, 13, 6, 0, 'pribadi', '2019-07-30 15:13:41'),
(663, 13, 7, 0, 'pribadi', '2019-07-30 15:13:41'),
(664, 13, 8, 0, 'pribadi', '2019-07-30 15:13:41'),
(665, 13, 9, 0, 'pribadi', '2019-07-30 15:13:41'),
(666, 13, 10, 0, 'pribadi', '2019-07-30 15:13:41'),
(667, 13, 11, 0, 'pribadi', '2019-07-30 15:13:41'),
(668, 13, 12, 0, 'pribadi', '2019-07-30 15:13:41'),
(669, 13, 13, 1, 'pribadi', '2019-07-30 15:13:41'),
(670, 13, 14, 1, 'pribadi', '2019-07-30 15:13:41'),
(671, 13, 15, 0, 'pribadi', '2019-07-30 15:13:41'),
(672, 13, 16, 0, 'pribadi', '2019-07-30 15:13:41'),
(673, 13, 17, 0, 'pribadi', '2019-07-30 15:13:41'),
(674, 13, 18, 0, 'pribadi', '2019-07-30 15:13:41'),
(675, 13, 19, 1, 'pribadi', '2019-07-30 15:13:41'),
(676, 13, 20, 0, 'pribadi', '2019-07-30 15:13:41'),
(677, 13, 21, 0, 'sosial', '2019-07-30 15:13:47'),
(678, 13, 22, 0, 'sosial', '2019-07-30 15:13:47'),
(679, 13, 23, 0, 'sosial', '2019-07-30 15:13:47'),
(680, 13, 24, 0, 'sosial', '2019-07-30 15:13:47'),
(681, 13, 25, 1, 'sosial', '2019-07-30 15:13:47'),
(682, 13, 26, 0, 'sosial', '2019-07-30 15:13:47'),
(683, 13, 27, 1, 'sosial', '2019-07-30 15:13:47'),
(684, 13, 28, 0, 'sosial', '2019-07-30 15:13:47'),
(685, 13, 29, 0, 'sosial', '2019-07-30 15:13:47'),
(686, 13, 30, 0, 'sosial', '2019-07-30 15:13:47'),
(687, 13, 31, 0, 'sosial', '2019-07-30 15:13:47'),
(688, 13, 32, 0, 'belajar', '2019-07-30 15:13:53'),
(689, 13, 33, 0, 'belajar', '2019-07-30 15:13:53'),
(690, 13, 34, 1, 'belajar', '2019-07-30 15:13:53'),
(691, 13, 35, 0, 'belajar', '2019-07-30 15:13:53'),
(692, 13, 36, 0, 'belajar', '2019-07-30 15:13:53'),
(693, 13, 37, 0, 'belajar', '2019-07-30 15:13:53'),
(694, 13, 38, 0, 'belajar', '2019-07-30 15:13:53'),
(695, 13, 39, 1, 'belajar', '2019-07-30 15:13:53'),
(696, 13, 40, 1, 'belajar', '2019-07-30 15:13:53'),
(697, 13, 41, 0, 'belajar', '2019-07-30 15:13:53'),
(698, 13, 42, 1, 'belajar', '2019-07-30 15:13:53'),
(699, 13, 43, 0, 'belajar', '2019-07-30 15:13:53'),
(700, 13, 44, 0, 'belajar', '2019-07-30 15:13:53'),
(701, 13, 45, 1, 'karir', '2019-07-30 15:14:01'),
(702, 13, 46, 1, 'karir', '2019-07-30 15:14:01'),
(703, 13, 47, 0, 'karir', '2019-07-30 15:14:01'),
(704, 13, 48, 1, 'karir', '2019-07-30 15:14:01'),
(705, 13, 49, 0, 'karir', '2019-07-30 15:14:01'),
(706, 13, 50, 0, 'karir', '2019-07-30 15:14:01'),
(707, 11, 1, 0, 'pribadi', '2019-07-30 15:14:43'),
(708, 11, 2, 0, 'pribadi', '2019-07-30 15:14:43'),
(709, 11, 3, 1, 'pribadi', '2019-07-30 15:14:43'),
(710, 11, 4, 0, 'pribadi', '2019-07-30 15:14:43'),
(711, 11, 5, 0, 'pribadi', '2019-07-30 15:14:43'),
(712, 11, 6, 0, 'pribadi', '2019-07-30 15:14:43'),
(713, 11, 7, 0, 'pribadi', '2019-07-30 15:14:43'),
(714, 11, 8, 0, 'pribadi', '2019-07-30 15:14:43'),
(715, 11, 9, 0, 'pribadi', '2019-07-30 15:14:43'),
(716, 11, 10, 0, 'pribadi', '2019-07-30 15:14:43'),
(717, 11, 11, 0, 'pribadi', '2019-07-30 15:14:43'),
(718, 11, 12, 1, 'pribadi', '2019-07-30 15:14:43'),
(719, 11, 13, 0, 'pribadi', '2019-07-30 15:14:43'),
(720, 11, 14, 0, 'pribadi', '2019-07-30 15:14:43'),
(721, 11, 15, 0, 'pribadi', '2019-07-30 15:14:43'),
(722, 11, 16, 1, 'pribadi', '2019-07-30 15:14:43'),
(723, 11, 17, 0, 'pribadi', '2019-07-30 15:14:43'),
(724, 11, 18, 0, 'pribadi', '2019-07-30 15:14:43'),
(725, 11, 19, 0, 'pribadi', '2019-07-30 15:14:43'),
(726, 11, 20, 0, 'pribadi', '2019-07-30 15:14:43'),
(727, 11, 21, 0, 'sosial', '2019-07-30 15:14:49'),
(728, 11, 22, 1, 'sosial', '2019-07-30 15:14:49'),
(729, 11, 23, 0, 'sosial', '2019-07-30 15:14:49'),
(730, 11, 24, 0, 'sosial', '2019-07-30 15:14:49'),
(731, 11, 25, 0, 'sosial', '2019-07-30 15:14:49'),
(732, 11, 26, 0, 'sosial', '2019-07-30 15:14:49'),
(733, 11, 27, 1, 'sosial', '2019-07-30 15:14:49'),
(734, 11, 28, 0, 'sosial', '2019-07-30 15:14:49'),
(735, 11, 29, 1, 'sosial', '2019-07-30 15:14:49'),
(736, 11, 30, 1, 'sosial', '2019-07-30 15:14:49'),
(737, 11, 31, 1, 'sosial', '2019-07-30 15:14:49'),
(738, 11, 32, 0, 'belajar', '2019-07-30 15:14:55'),
(739, 11, 33, 1, 'belajar', '2019-07-30 15:14:55'),
(740, 11, 34, 0, 'belajar', '2019-07-30 15:14:55'),
(741, 11, 35, 0, 'belajar', '2019-07-30 15:14:55'),
(742, 11, 36, 0, 'belajar', '2019-07-30 15:14:55'),
(743, 11, 37, 0, 'belajar', '2019-07-30 15:14:55'),
(744, 11, 38, 1, 'belajar', '2019-07-30 15:14:55'),
(745, 11, 39, 1, 'belajar', '2019-07-30 15:14:55'),
(746, 11, 40, 1, 'belajar', '2019-07-30 15:14:55'),
(747, 11, 41, 1, 'belajar', '2019-07-30 15:14:55'),
(748, 11, 42, 0, 'belajar', '2019-07-30 15:14:55'),
(749, 11, 43, 0, 'belajar', '2019-07-30 15:14:55'),
(750, 11, 44, 0, 'belajar', '2019-07-30 15:14:55'),
(751, 11, 45, 0, 'karir', '2019-07-30 15:15:01'),
(752, 11, 46, 1, 'karir', '2019-07-30 15:15:01'),
(753, 11, 47, 1, 'karir', '2019-07-30 15:15:01'),
(754, 11, 48, 0, 'karir', '2019-07-30 15:15:01'),
(755, 11, 49, 1, 'karir', '2019-07-30 15:15:01'),
(756, 11, 50, 1, 'karir', '2019-07-30 15:15:01');

-- --------------------------------------------------------

--
-- Table structure for table `guru`
--

CREATE TABLE `guru` (
  `id_guru` int(11) NOT NULL,
  `nama` varchar(50) NOT NULL,
  `nip` int(50) NOT NULL,
  `jk` varchar(100) NOT NULL,
  `ttl` text NOT NULL,
  `alamat` text NOT NULL,
  `agama` varchar(100) NOT NULL,
  `username` varchar(100) NOT NULL,
  `password` varchar(100) NOT NULL,
  `email` varchar(255) NOT NULL,
  `telp` varchar(15) NOT NULL
) ENGINE=InnoDB DEFAULT CHARSET=latin1;

--
-- Dumping data for table `guru`
--

INSERT INTO `guru` (`id_guru`, `nama`, `nip`, `jk`, `ttl`, `alamat`, `agama`, `username`, `password`, `email`, `telp`) VALUES
(3, 'Romlah', 19610108, 'l', 'Cilacap, 4 Mei 1997', 'Jl. Abimanyu', 'islam', 'romlah', '$2y$10$dFRrlK0IxNgZ13/JmWDw6eytVEHAU78ddNXc8vxEnMC3Bg2vAMaXO', 'zuffahf@gmail.com', '6345342'),
(4, 'yaqie', 918203, 'l', 'banyumas, 4 juli 1997', 'purwokerto', 'islam', 'yaqie', '$2y$10$l4alRcwpaj6MM2f0DXGM5eQ06o74GHMCxFY.Sgm7zTM9UAmdr/w2u', 'ahmadyahyay@gmail.com', '0895357948031');

-- --------------------------------------------------------

--
-- Table structure for table `kelas`
--

CREATE TABLE `kelas` (
  `id_kelas` int(11) NOT NULL,
  `kelas` varchar(100) NOT NULL,
  `jurusan` varchar(100) NOT NULL
) ENGINE=InnoDB DEFAULT CHARSET=latin1;

--
-- Dumping data for table `kelas`
--

INSERT INTO `kelas` (`id_kelas`, `kelas`, `jurusan`) VALUES
(1, '1TGB1', 'Teknik Gambar Bangunan'),
(2, '1TITL1', 'Teknik Instalasi Tenaga Listrik'),
(3, '2TGB3', 'Teknik Gambar Bangunan');

-- --------------------------------------------------------

--
-- Table structure for table `profil`
--

CREATE TABLE `profil` (
  `id_profil` int(11) NOT NULL,
  `profil` text NOT NULL,
  `visi` text NOT NULL,
  `misi` text NOT NULL
) ENGINE=InnoDB DEFAULT CHARSET=latin1;

--
-- Dumping data for table `profil`
--

INSERT INTO `profil` (`id_profil`, `profil`, `visi`, `misi`) VALUES
(1, 'Lorem Ipsum is simply dummy text of the printing and typesetting industry. Lorem Ipsum has been the industrys standard dummy text ever since the 1500s, when an unknown printer took a galley of type and scrambled it to make a type specimen book. It has survived not only five centuries, but also the leap into electronic typesetting, remaining essentially unchanged. It was popularised in the 1960s with the release of Letraset sheets containing Lorem Ipsum passages, and more recently with desktop publishing software like Aldus PageMaker including versions of Lorem Ipsum.', 'maju, mundur, kanan, kiri, atas, bawah.dgdvsdvsdvsd', '<ol>	<li>ajsvajsoasgnolas</li>	<li>asgjbdogjflgkf</li>	<li>dfhbdfbdf</li>	<li>dfbdfbdbd</li></ol><p>&nbsp;</p><p>&nbsp;</p><table border=\\\"1\\\" cellpadding=\\\"1\\\" cellspacing=\\\"1\\\" style=\\\"width:500px\\\">	<tbody>		<tr>			<td colspan=\\\"1\\\" rowspan=\\\"2\\\">No</td>			<td colspan=\\\"1\\\" rowspan=\\\"2\\\">Jenis Kegiatan Dan Layanan</td>			<td colspan=\\\"4\\\" rowspan=\\\"1\\\">Bidang bimbingan</td>			<td colspan=\\\"1\\\" rowspan=\\\"2\\\">fungsi bk</td>			<td colspan=\\\"1\\\" rowspan=\\\"2\\\">tujuan</td>			<td colspan=\\\"1\\\" rowspan=\\\"2\\\">sasaran</td>			<td colspan=\\\"1\\\" rowspan=\\\"2\\\">waktu</td>		</tr>		<tr>			<td>p</td>			<td>s</td>			<td>b</td>			<td>k</td>		</tr>		<tr>			<td>A</td>			<td>Persiapan</td>			<td>&nbsp;</td>			<td>&nbsp;</td>			<td>&nbsp;</td>			<td>&nbsp;</td>			<td>&nbsp;</td>			<td>&nbsp;</td>			<td>&nbsp;</td>			<td>&nbsp;</td>		</tr>		<tr>			<td>&nbsp;</td>			<td>1. jhavs dbavs dnb wasd&nbsp;</td>			<td>&nbsp;</td>			<td>&nbsp;</td>			<td>&nbsp;</td>			<td>&nbsp;</td>			<td>&nbsp;</td>			<td>&nbsp;</td>			<td>&nbsp;</td>			<td>&nbsp;</td>		</tr>		<tr>			<td>&nbsp;</td>			<td>&nbsp;</td>			<td>&nbsp;</td>			<td>&nbsp;</td>			<td>&nbsp;</td>			<td>&nbsp;</td>			<td>&nbsp;</td>			<td>&nbsp;</td>			<td>&nbsp;</td>			<td>&nbsp;</td>		</tr>	</tbody></table><p>&nbsp;</p>');

-- --------------------------------------------------------

--
-- Table structure for table `siswa`
--

CREATE TABLE `siswa` (
  `id_siswa` int(50) NOT NULL,
  `nama` varchar(100) NOT NULL,
  `username` varchar(50) NOT NULL,
  `password` varchar(100) NOT NULL,
  `nis` varchar(50) NOT NULL,
  `ttl` text NOT NULL,
  `alamat` text NOT NULL,
  `email` varchar(50) NOT NULL,
  `telp` int(15) NOT NULL,
  `kelas` varchar(50) NOT NULL,
  `jurusan` varchar(50) NOT NULL,
  `jk` varchar(100) NOT NULL,
  `agama` varchar(100) NOT NULL,
  `tahun` varchar(50) NOT NULL,
  `nilai1` varchar(10) NOT NULL,
  `nilai2` varchar(10) NOT NULL,
  `nilai3` varchar(10) NOT NULL,
  `nilai4` varchar(10) NOT NULL
) ENGINE=InnoDB DEFAULT CHARSET=latin1;

--
-- Dumping data for table `siswa`
--

INSERT INTO `siswa` (`id_siswa`, `nama`, `username`, `password`, `nis`, `ttl`, `alamat`, `email`, `telp`, `kelas`, `jurusan`, `jk`, `agama`, `tahun`, `nilai1`, `nilai2`, `nilai3`, `nilai4`) VALUES
(11, 'zaki', 'zaki', '$2y$10$epGyg9GWlfAwJZGdCujpfODtKc6EYFf4oJxYgOZrJguQj923m2j86', '124134', 'Cilacap, 4 Mei 1997', 'JL. adbakjs', 'zaki@gmail.com', 6345342, '1TGB1', 'Teknik Gambar Bangunan', 'p', 'kristen', '2019', '0.488', '0.67232', '0.67232', '0.5904'),
(12, 'yahya', 'yaqie', '$2y$10$1AujiDtLzYrdGTMVRMdrz.rk4ufNp4rb.Jj/LkuOpKtDrKv.WF3F.', '8172937912', 'jaks dkjnwaksdkasd', 'purwokerto', 'ahmadyahyay@gmail.com', 2147483647, '1TGB1', 'Teknik Gambar Bangunan', 'l', 'islam', '2019', '0.5904', '0.36', '0.2', '0'),
(13, 'dilla', 'dilla', '$2y$10$V7.sxNuulHxtkl4ThPw9h.Ktazxj66sNfEUS3H.N7412GkMhrXKr2', '1341241', 'Cilacap, 3 Mei 1997', 'Jl. Banjaran ', 'cyaemdilla@yahoo.co.id', 2147483647, '', '', 'p', 'islam', '', '0.67232', '0.36', '0.5904', '0.488'),
(14, 'gagas', 'gagas', '$2y$10$/JxCr3HbXJ97BjwHSftSlObz2gnwFcUFpPRjtMko183JLY/hLBh7i', '351341231', '', '', '', 0, '1TGB1', 'Teknik Gambar Bangunan', 'l', '', '2019', '0.67232', '0.5904', '0.5904', '0.36'),
(15, 'diaz', 'diaz', '$2y$10$3pmv2pw4FtGlkwTcXA3gPe7Rn7pm2P2E9HXynpZgQ6Oy1Ew/RlG1y', '51725715', '', '', '', 0, '1TGB1', 'Teknik Gambar Bangunan', '', '', '2019', '0.67232', '0.5904', '0.5904', '0.488'),
(16, 'echa', 'echa', '$2y$10$ZbkRuEUKLGYqBoWRb33lrO.pfKq1WzgMVM.UkcNd2fyXaUSQwqz2O', '135131', '', '', '', 0, '1TGB1', 'Teknik Gambar Bangunan', '', '', '2019', '0.488', '0.36', '0.67232', '0.488'),
(17, 'danang', 'danang', '$2y$10$fAtpLehm1dbHm7nkWNfL.uRUfSBqsrFzp3iBewcVpAefFSynXIYnq', '2413423', '', '', '', 0, '1TGB1', 'Teknik Gambar Bangunan', '', '', '2019', '0.86578227', '0.67232', '0.737856', '0.36'),
(18, 'arip', 'arip', '$2y$10$Fm4qw.07dJzHZuoaD2uuvOHg9fUDPeEqfosHfDUaMfwyNiOSKx6ve', '135134', '', '', '', 0, '1TGB1', 'Teknik Gambar Bangunan', '', '', '2019', '0.737856', '0.67232', '0.67232', '0.5904'),
(19, 'iqbal', 'iqbal', '$2y$10$WG.UaTD9.k06y8dbrUS6IeLzb5AgF.ADpZx1aDmPvF/IGSfCQjjLq', '135313', '', '', '', 0, '1TGB1', 'Teknik Gambar Bangunan', '', '', '2019', '0.83222784', '0.5904', '0.5904', '0.488'),
(20, 'gigih', 'gigih', '$2y$10$IokqwU8tPYAYTQLUQxXjkuFxRGnosXAee3nw6oBGIig.WhqIH2eBa', '5131252', '', '', '', 0, '1TGB1', 'Teknik Gambar Bangunan', '', '', '2019', '0.5904', '0.488', '0.5904', '0.488'),
(21, 'bita', 'bita', '$2y$10$FPIVVQI1Gt8TuvhyKV/HpeqJK7EzUKlANrxAuHncGtd0P8rtleiMK', '351341', '', '', '', 0, '1TITL1', 'Teknik Instalasi Tenaga Listrik', '', '', '2019', '0.7902848', '0.5904', '0.5904', '0.36'),
(22, 'galuh', 'galuh', '$2y$10$jBpc0c8rKIgTNZFFQa6.OeRYZWDjncv7DwCrIEzGT5bJGLaZQcXkS', '3434141', '', '', '', 0, '1TITL1', 'Teknik Instalasi Tenaga Listrik', '', '', '2019', '0.5904', '0.67232', '0.67232', '0.36'),
(23, 'akmal', 'akmal', '$2y$10$uoEb2uM2mrzhnqwh/cN8X.BncqB/OR/TWuyii.2pW2ONgGluYne56', '1352342', '', '', '', 0, '1TITL1', 'Teknik Instalasi Tenaga Listrik', '', '', '2019', '0.5904', '0.67232', '0.5904', '0.36'),
(24, 'fajar', 'fajar', '$2y$10$wMrRqeIxwxm8Y.0BsjiRCOeAoOZFekcmXHocXjR/LFf/lq3h3ZucO', '12413414', '', '', '', 0, '1TITL1', 'Teknik Instalasi Tenaga Listrik', '', '', '2019', '0.488', '0.36', '0.5904', '0.5904'),
(25, 'rima', 'rima', '$2y$10$V1fyr5544i4ya254ChSD5e8gOyvfMq6WEftwotmW91C5XZM0XxpOK', '2352423', '', '', '', 0, '1TITL1', 'Teknik Instalasi Tenaga Listrik', '', '', '2019', '0.67232', '0.5904', '0.488', '0.488'),
(26, 'uvuvwevwe', 'uvuvwevwe1', '$2y$10$V1fyr5544i4ya254ChSD5e8gOyvfMq6WEftwotmW91C5XZM0XxpOK', '23524231', '', '', '', 0, '1TITL1', 'Teknik Instalasi Tenaga Listrik', '', '', '2019', '0.67232', '0.5904', '0.488', '0.488'),
(27, 'uvuvwevwe', 'uvuvwevwe', '$2y$10$V1fyr5544i4ya254ChSD5e8gOyvfMq6WEftwotmW91C5XZM0XxpOK', '23524231', '', '', '', 0, '1TITL1', 'Teknik Instalasi Tenaga Listrik', '', '', '2019', '0.67232', '0.5904', '0.488', '0.488'),
(28, 'uvuvwevwe', 'uvuvwevwe', '$2y$10$V1fyr5544i4ya254ChSD5e8gOyvfMq6WEftwotmW91C5XZM0XxpOK', '23524231', '', '', '', 0, '1TITL1', 'Teknik Instalasi Tenaga Listrik', '', '', '2019', '0.67232', '0.5904', '0.488', '0.488'),
(29, 'uvuvwevwe', 'uvuvwevwe', '$2y$10$V1fyr5544i4ya254ChSD5e8gOyvfMq6WEftwotmW91C5XZM0XxpOK', '23524231', '', '', '', 0, '1TITL1', 'Teknik Instalasi Tenaga Listrik', '', '', '2019', '0.67232', '0.5904', '0.488', '0.488'),
(30, 'uvuvwevwe', 'uvuvwevwe', '$2y$10$V1fyr5544i4ya254ChSD5e8gOyvfMq6WEftwotmW91C5XZM0XxpOK', '23524231', '', '', '', 0, '1TITL1', 'Teknik Instalasi Tenaga Listrik', '', '', '2019', '0.67232', '0.5904', '0.488', '0.488'),
(31, 'uvuvwevwe', 'uvuvwevwe', '$2y$10$V1fyr5544i4ya254ChSD5e8gOyvfMq6WEftwotmW91C5XZM0XxpOK', '23524231', '', '', '', 0, '1TITL1', 'Teknik Instalasi Tenaga Listrik', '', '', '2019', '0.67232', '0.5904', '0.488', '0.488'),
(32, 'uvuvwevwe', 'uvuvwevwe', '$2y$10$V1fyr5544i4ya254ChSD5e8gOyvfMq6WEftwotmW91C5XZM0XxpOK', '23524231', '', '', '', 0, '1TITL1', 'Teknik Instalasi Tenaga Listrik', '', '', '2019', '0.67232', '0.5904', '0.488', '0.488'),
(33, 'uvuvwevwe', 'uvuvwevwe', '$2y$10$V1fyr5544i4ya254ChSD5e8gOyvfMq6WEftwotmW91C5XZM0XxpOK', '23524231', '', '', '', 0, '1TITL1', 'Teknik Instalasi Tenaga Listrik', '', '', '2019', '0.67232', '0.5904', '0.488', '0.488'),
(34, 'uvuvwevwe', 'uvuvwevwe', '$2y$10$V1fyr5544i4ya254ChSD5e8gOyvfMq6WEftwotmW91C5XZM0XxpOK', '23524231', '', '', '', 0, '1TITL1', 'Teknik Instalasi Tenaga Listrik', '', '', '2019', '0.67232', '0.5904', '0.488', '0.488'),
(35, 'uvuvwevwe', 'uvuvwevwe', '$2y$10$V1fyr5544i4ya254ChSD5e8gOyvfMq6WEftwotmW91C5XZM0XxpOK', '23524231', '', '', '', 0, '2TGB3', 'Teknik Instalasi Tenaga Listrik', '', '', '2019', '0.67232', '0.5904', '0.488', '0.488'),
(36, 'uvuvwevwe', 'uvuvwevwe', '$2y$10$V1fyr5544i4ya254ChSD5e8gOyvfMq6WEftwotmW91C5XZM0XxpOK', '23524231', '', '', '', 0, '2TGB3', 'Teknik Instalasi Tenaga Listrik', '', '', '2019', '0.67232', '0.5904', '0.488', '0.488'),
(37, 'uvuvwevwe', 'uvuvwevwe', '$2y$10$V1fyr5544i4ya254ChSD5e8gOyvfMq6WEftwotmW91C5XZM0XxpOK', '23524231', '', '', '', 0, '2TGB3', 'Teknik Instalasi Tenaga Listrik', '', '', '2019', '0.67232', '0.5904', '0.488', '0.488'),
(38, 'uvuvwevwe', 'uvuvwevwe', '$2y$10$V1fyr5544i4ya254ChSD5e8gOyvfMq6WEftwotmW91C5XZM0XxpOK', '23524231', '', '', '', 0, '2TGB3', 'Teknik Instalasi Tenaga Listrik', '', '', '2019', '0.67232', '0.5904', '0.488', '0.488'),
(39, 'uvuvwevwe', 'uvuvwevwe', '$2y$10$V1fyr5544i4ya254ChSD5e8gOyvfMq6WEftwotmW91C5XZM0XxpOK', '23524231', '', '', '', 0, '2TGB3', 'Teknik Instalasi Tenaga Listrik', '', '', '2019', '0.67232', '0.5904', '0.488', '0.488'),
(40, 'uvuvwevwe', 'uvuvwevwe', '$2y$10$V1fyr5544i4ya254ChSD5e8gOyvfMq6WEftwotmW91C5XZM0XxpOK', '23524231', '', '', '', 0, '2TGB3', 'Teknik Instalasi Tenaga Listrik', '', '', '2019', '0.67232', '0.5904', '0.488', '0.488'),
(41, 'uvuvwevwe', 'uvuvwevwe', '$2y$10$V1fyr5544i4ya254ChSD5e8gOyvfMq6WEftwotmW91C5XZM0XxpOK', '23524231', '', '', '', 0, '2TGB3', 'Teknik Instalasi Tenaga Listrik', '', '', '2019', '0.67232', '0.5904', '0.488', '0.488'),
(42, 'uvuvwevwe', 'uvuvwevwe', '$2y$10$V1fyr5544i4ya254ChSD5e8gOyvfMq6WEftwotmW91C5XZM0XxpOK', '23524231', '', '', '', 0, '2TGB3', 'Teknik Instalasi Tenaga Listrik', '', '', '2019', '0.67232', '0.5904', '0.488', '0.488'),
(43, 'uvuvwevwe', 'uvuvwevwe', '$2y$10$V1fyr5544i4ya254ChSD5e8gOyvfMq6WEftwotmW91C5XZM0XxpOK', '23524231', '', '', '', 0, '2TGB3', 'Teknik Instalasi Tenaga Listrik', '', '', '2019', '0.67232', '0.5904', '0.488', '0.488'),
(44, 'uvuvwevwe', 'uvuvwevwe', '$2y$10$V1fyr5544i4ya254ChSD5e8gOyvfMq6WEftwotmW91C5XZM0XxpOK', '23524231', '', '', '', 0, '2TGB3', 'Teknik Instalasi Tenaga Listrik', '', '', '2019', '0.67232', '0.5904', '0.488', '0.488'),
(45, 'uvuvwevwe', 'uvuvwevwe', '$2y$10$V1fyr5544i4ya254ChSD5e8gOyvfMq6WEftwotmW91C5XZM0XxpOK', '23524231', '', '', '', 0, '2TGB3', 'Teknik Instalasi Tenaga Listrik', '', '', '2019', '0.67232', '0.5904', '0.488', '0.488'),
(46, 'uvuvwevwe', 'uvuvwevwe', '$2y$10$V1fyr5544i4ya254ChSD5e8gOyvfMq6WEftwotmW91C5XZM0XxpOK', '23524231', '', '', '', 0, '2TGB3', 'Teknik Instalasi Tenaga Listrik', '', '', '2019', '0.67232', '0.5904', '0.488', '0.488'),
(47, 'uvuvwevwe', 'uvuvwevwe', '$2y$10$V1fyr5544i4ya254ChSD5e8gOyvfMq6WEftwotmW91C5XZM0XxpOK', '23524231', '', '', '', 0, '2TGB3', 'Teknik Instalasi Tenaga Listrik', '', '', '2019', '0.67232', '0.5904', '0.488', '0.488'),
(48, 'uvuvwevwe', 'uvuvwevwe', '$2y$10$V1fyr5544i4ya254ChSD5e8gOyvfMq6WEftwotmW91C5XZM0XxpOK', '23524231', '', '', '', 0, '2TGB3', 'Teknik Instalasi Tenaga Listrik', '', '', '2019', '0.67232', '0.5904', '0.488', '0.488'),
(49, 'uvuvwevwe', 'uvuvwevwe', '$2y$10$V1fyr5544i4ya254ChSD5e8gOyvfMq6WEftwotmW91C5XZM0XxpOK', '23524231', '', '', '', 0, '2TGB3', 'Teknik Instalasi Tenaga Listrik', '', '', '2019', '0.67232', '0.5904', '0.488', '0.488'),
(50, 'uvuvwevwe', 'uvuvwevwe', '$2y$10$V1fyr5544i4ya254ChSD5e8gOyvfMq6WEftwotmW91C5XZM0XxpOK', '23524231', '', '', '', 0, '2TGB3', 'Teknik Instalasi Tenaga Listrik', '', '', '2019', '0.67232', '0.5904', '0.488', '0.488'),
(51, 'uvuvwevwe', 'uvuvwevwe', '$2y$10$V1fyr5544i4ya254ChSD5e8gOyvfMq6WEftwotmW91C5XZM0XxpOK', '23524231', '', '', '', 0, '2TGB3', 'Teknik Instalasi Tenaga Listrik', '', '', '2019', '0.67232', '0.5904', '0.488', '0.488'),
(52, 'uvuvwevwe', 'uvuvwevwe', '$2y$10$V1fyr5544i4ya254ChSD5e8gOyvfMq6WEftwotmW91C5XZM0XxpOK', '23524231', '', '', '', 0, '2TGB3', 'Teknik Instalasi Tenaga Listrik', '', '', '2019', '0.67232', '0.5904', '0.488', '0.488'),
(53, 'uvuvwevwe', 'uvuvwevwe', '$2y$10$V1fyr5544i4ya254ChSD5e8gOyvfMq6WEftwotmW91C5XZM0XxpOK', '23524231', '', '', '', 0, '2TGB3', 'Teknik Instalasi Tenaga Listrik', '', '', '2019', '0.67232', '0.5904', '0.488', '0.488'),
(54, 'uvuvwevwe', 'uvuvwevwe', '$2y$10$V1fyr5544i4ya254ChSD5e8gOyvfMq6WEftwotmW91C5XZM0XxpOK', '23524231', '', '', '', 0, '2TGB3', 'Teknik Instalasi Tenaga Listrik', '', '', '2019', '0.67232', '0.5904', '0.488', '0.488'),
(55, 'uvuvwevwe', 'uvuvwevwe', '$2y$10$V1fyr5544i4ya254ChSD5e8gOyvfMq6WEftwotmW91C5XZM0XxpOK', '23524231', '', '', '', 0, '2TGB3', 'Teknik Instalasi Tenaga Listrik', '', '', '2019', '0.67232', '0.5904', '0.488', '0.488'),
(56, 'uvuvwevwe', 'uvuvwevwe', '$2y$10$V1fyr5544i4ya254ChSD5e8gOyvfMq6WEftwotmW91C5XZM0XxpOK', '23524231', '', '', '', 0, '2TGB3', 'Teknik Instalasi Tenaga Listrik', '', '', '2019', '0.67232', '0.5904', '0.488', '0.488'),
(57, 'uvuvwevwe', 'uvuvwevwe', '$2y$10$V1fyr5544i4ya254ChSD5e8gOyvfMq6WEftwotmW91C5XZM0XxpOK', '23524231', '', '', '', 0, '2TGB3', 'Teknik Instalasi Tenaga Listrik', '', '', '2019', '0.67232', '0.5904', '0.488', '0.488'),
(58, 'uvuvwevwe', 'uvuvwevwe', '$2y$10$V1fyr5544i4ya254ChSD5e8gOyvfMq6WEftwotmW91C5XZM0XxpOK', '23524231', '', '', '', 0, '2TGB3', 'Teknik Instalasi Tenaga Listrik', '', '', '2019', '0.67232', '0.5904', '0.488', '0.488'),
(59, 'uvuvwevwe', 'uvuvwevwe', '$2y$10$V1fyr5544i4ya254ChSD5e8gOyvfMq6WEftwotmW91C5XZM0XxpOK', '23524231', '', '', '', 0, '2TGB3', 'Teknik Instalasi Tenaga Listrik', '', '', '2019', '0.67232', '0.5904', '0.488', '0.488'),
(60, 'uvuvwevwe', 'uvuvwevwe', '$2y$10$V1fyr5544i4ya254ChSD5e8gOyvfMq6WEftwotmW91C5XZM0XxpOK', '23524231', '', '', '', 0, '2TGB3', 'Teknik Instalasi Tenaga Listrik', '', '', '2019', '0.67232', '0.5904', '0.488', '0.488'),
(61, 'uvuvwevwe', 'uvuvwevwe', '$2y$10$V1fyr5544i4ya254ChSD5e8gOyvfMq6WEftwotmW91C5XZM0XxpOK', '23524231', '', '', '', 0, '2TGB3', 'Teknik Instalasi Tenaga Listrik', '', '', '2019', '0.67232', '0.5904', '0.488', '0.488'),
(62, 'uvuvwevwe', 'uvuvwevwe', '$2y$10$V1fyr5544i4ya254ChSD5e8gOyvfMq6WEftwotmW91C5XZM0XxpOK', '23524231', '', '', '', 0, '2TGB3', 'Teknik Instalasi Tenaga Listrik', '', '', '2019', '0.67232', '0.5904', '0.488', '0.488'),
(63, 'uvuvwevwe', 'uvuvwevwe', '$2y$10$V1fyr5544i4ya254ChSD5e8gOyvfMq6WEftwotmW91C5XZM0XxpOK', '23524231', '', '', '', 0, '2TGB3', 'Teknik Instalasi Tenaga Listrik', '', '', '2019', '0.67232', '0.5904', '0.488', '0.488'),
(64, 'uvuvwevwe', 'uvuvwevwe', '$2y$10$V1fyr5544i4ya254ChSD5e8gOyvfMq6WEftwotmW91C5XZM0XxpOK', '23524231', '', '', '', 0, '2TGB3', 'Teknik Instalasi Tenaga Listrik', '', '', '2019', '0.67232', '0.5904', '0.488', '0.488'),
(65, 'uvuvwevwe', 'uvuvwevwe', '$2y$10$V1fyr5544i4ya254ChSD5e8gOyvfMq6WEftwotmW91C5XZM0XxpOK', '23524231', '', '', '', 0, '2TGB3', 'Teknik Instalasi Tenaga Listrik', '', '', '2019', '0.67232', '0.5904', '0.488', '0.488'),
(66, 'uvuvwevwe', 'uvuvwevwe', '$2y$10$V1fyr5544i4ya254ChSD5e8gOyvfMq6WEftwotmW91C5XZM0XxpOK', '23524231', '', '', '', 0, '2TGB3', 'Teknik Instalasi Tenaga Listrik', '', '', '2019', '0.67232', '0.5904', '0.488', '0.488'),
(67, 'uvuvwevwe', 'uvuvwevwe', '$2y$10$V1fyr5544i4ya254ChSD5e8gOyvfMq6WEftwotmW91C5XZM0XxpOK', '23524231', '', '', '', 0, '2TGB3', 'Teknik Instalasi Tenaga Listrik', '', '', '2019', '0.67232', '0.5904', '0.488', '0.488'),
(68, 'uvuvwevwe', 'uvuvwevwe', '$2y$10$V1fyr5544i4ya254ChSD5e8gOyvfMq6WEftwotmW91C5XZM0XxpOK', '23524231', '', '', '', 0, '2TGB3', 'Teknik Instalasi Tenaga Listrik', '', '', '2019', '0.67232', '0.5904', '0.488', '0.488'),
(69, 'uvuvwevwe', 'uvuvwevwe', '$2y$10$V1fyr5544i4ya254ChSD5e8gOyvfMq6WEftwotmW91C5XZM0XxpOK', '23524231', '', '', '', 0, '2TGB3', 'Teknik Instalasi Tenaga Listrik', '', '', '2019', '0.67232', '0.5904', '0.488', '0.488'),
(70, 'uvuvwevwe', 'uvuvwevwe', '$2y$10$V1fyr5544i4ya254ChSD5e8gOyvfMq6WEftwotmW91C5XZM0XxpOK', '23524231', '', '', '', 0, '2TGB3', 'Teknik Instalasi Tenaga Listrik', '', '', '2019', '0.67232', '0.5904', '0.488', '0.488');

--
-- Indexes for dumped tables
--

--
-- Indexes for table `admin`
--
ALTER TABLE `admin`
  ADD PRIMARY KEY (`id_admin`);

--
-- Indexes for table `angket`
--
ALTER TABLE `angket`
  ADD PRIMARY KEY (`id_angket`);

--
-- Indexes for table `angket_pilihan`
--
ALTER TABLE `angket_pilihan`
  ADD PRIMARY KEY (`id_pilihan`);

--
-- Indexes for table `guru`
--
ALTER TABLE `guru`
  ADD PRIMARY KEY (`id_guru`);

--
-- Indexes for table `kelas`
--
ALTER TABLE `kelas`
  ADD PRIMARY KEY (`id_kelas`);

--
-- Indexes for table `profil`
--
ALTER TABLE `profil`
  ADD PRIMARY KEY (`id_profil`);

--
-- Indexes for table `siswa`
--
ALTER TABLE `siswa`
  ADD PRIMARY KEY (`id_siswa`);

--
-- AUTO_INCREMENT for dumped tables
--

--
-- AUTO_INCREMENT for table `admin`
--
ALTER TABLE `admin`
  MODIFY `id_admin` int(11) NOT NULL AUTO_INCREMENT, AUTO_INCREMENT=2;
--
-- AUTO_INCREMENT for table `angket`
--
ALTER TABLE `angket`
  MODIFY `id_angket` int(11) NOT NULL AUTO_INCREMENT, AUTO_INCREMENT=51;
--
-- AUTO_INCREMENT for table `angket_pilihan`
--
ALTER TABLE `angket_pilihan`
  MODIFY `id_pilihan` int(11) NOT NULL AUTO_INCREMENT, AUTO_INCREMENT=757;
--
-- AUTO_INCREMENT for table `guru`
--
ALTER TABLE `guru`
  MODIFY `id_guru` int(11) NOT NULL AUTO_INCREMENT, AUTO_INCREMENT=5;
--
-- AUTO_INCREMENT for table `kelas`
--
ALTER TABLE `kelas`
  MODIFY `id_kelas` int(11) NOT NULL AUTO_INCREMENT, AUTO_INCREMENT=4;
--
-- AUTO_INCREMENT for table `profil`
--
ALTER TABLE `profil`
  MODIFY `id_profil` int(11) NOT NULL AUTO_INCREMENT, AUTO_INCREMENT=2;
--
-- AUTO_INCREMENT for table `siswa`
--
ALTER TABLE `siswa`
  MODIFY `id_siswa` int(50) NOT NULL AUTO_INCREMENT, AUTO_INCREMENT=71;COMMIT;

/*!40101 SET CHARACTER_SET_CLIENT=@OLD_CHARACTER_SET_CLIENT */;
/*!40101 SET CHARACTER_SET_RESULTS=@OLD_CHARACTER_SET_RESULTS */;
/*!40101 SET COLLATION_CONNECTION=@OLD_COLLATION_CONNECTION */;
